"","topic_short","year"
"1","2D",2011
"2","2D",2010
"3","2D",2011
"4","2D",2012
"6","3D",2013
"7","3D",2016
"8","3D",2009
"9","3D",2011
"10","3D",2012
"11","ABRS",2009
"12","ACE",2011
"13","ACE",2011
"14","ACE",2011
"15","ACE",2012
"16","ACE",2011
"17","ACES",2016
"18","ACES",2013
"19","ACES",2015
"20","Actin",2007
"21","Actin",2010
"22","Adams",2014
"23","ADF",2001
"24","ADUM",2005
"25","ADUM",2005
"26","ADUM",2005
"27","ADUM",2011
"28","ADUM",2006
"29","ADUM",2016
"30","ADUM",2004
"31","ADUM",2009
"32","ADVASC",2003
"33","ADVASC",2014
"34","ADVASC",2001
"35","ADVASC",2002
"36","ADVASC",2005
"37","AEM",2013
"38","AEM",2016
"39","Ageing",2008
"40","Ageing",2010
"41","Ageing",2013
"42","Ageing",2012
"43","Ageing",2007
"44","Ageing",2007
"45","Ageing",2012
"46","Ageing",2010
"47","Ageing",2007
"48","Akvarium",2007
"49","Akvarium",2007
"50","Alloy",2015
"51","Alloy",2016
"52","ALTCRISS",2007
"53","ALTEA",2006
"54","ALTEA",2011
"55","ALTEA",2012
"56","ALTEA",2006
"57","ALTEA",2011
"58","ALTEA",2009
"59","ALTEA",2009
"60","ALTEA",2001
"61","ALTEA",2003
"62","ALTEA",2004
"63","ALTEA",2008
"64","ALTEA",2009
"65","ALTEA",2006
"66","ALTEA",2006
"67","ALTEA",2008
"68","ALTEA",2010
"69","ALTEA",2010
"70","ALTEA",2011
"71","ALTEA",2012
"72","ALTEA",2004
"73","Alteino",2002
"74","Alteino",2005
"75","Alteino",2006
"76","Alteino",2007
"77","Alteino",2006
"78","Alteino",2006
"79","Alteino",2006
"80","Amphibody",2013
"81","Amphibody",2012
"82","Amphibody",2013
"83","AMS",2014
"84","AMS",2013
"85","AMS",2014
"86","AMS",2015
"87","AMS",2016
"88","AMS",2014
"89","AMS",2003
"90","AMS",2002
"91","AMS",2013
"92","AMS",2013
"93","AMS",2005
"94","AMS",2004
"95","AMS",2011
"96","AMS",2009
"97","ANDE",2008
"98","ANITA",2008
"99","ANITA",2009
"100","ANITA",2011
"101","ANITA",2004
"102","ANITA",2003
"103","ANITA",2004
"104","ANITA",2008
"105","ANITA",2009
"106","Aorta",2005
"107","Aorta",2009
"108","APCF",2002
"109","APCF",2003
"110","APCF",2005
"111","APCF",2002
"112","APCF",2002
"113","APCF",2001
"114","APCF",2002
"115","APCF",2001
"116","APCF",2002
"117","APCF",2002
"118","APCF",2003
"119","APCF",2002
"120","APEX",2002
"121","APEX",2013
"122","APEX",2014
"123","APEX",2015
"124","APIS",2007
"125","AQM",2013
"126","Aquarius",2008
"127","AQUARIUS",2003
"128","AQUARIUS",2006
"129","AQUARIUS",2006
"130","Aquatic",2014
"131","Area",2006
"132","Area",2011
"133","Area",2013
"134","Area",2008
"135","Area",2011
"136","ARED",2017
"137","ARED",2017
"138","ARED",2012
"139","ARED",2016
"140","ARED",2011
"141","ARGES",2008
"142","ARGES",2008
"143","ARGES",2009
"144","ARGES",2005
"145","ARGES",2006
"146","ARIS",2002
"147","ARIS",2002
"148","ARIS",2003
"149","ARISS",2004
"150","Astovaktsina",2004
"151","Astrobee",2016
"152","Astrovaktsina",2007
"153","Astrovaktsina",2008
"154","Astrovaktsina",2005
"156","Avatar",2010
"157","Avatar",2008
"158","BAR",2011
"159","BASE",2010
"160","Base",2009
"161","BASE",2009
"162","BASS",2013
"163","BASS",2015
"164","BASS",2015
"165","BASS",2016
"166","BASS",2016
"167","BASS",2015
"168","BASS",2015
"169","BASS",2015
"170","BASS",2016
"171","BBND",2003
"172","BBND",2007
"173","BBND",2006
"174","BBND",2010
"175","BCAT",2012
"176","BCAT",2002
"177","BCAT",2006
"178","BCAT",2007
"179","BCAT",2009
"180","BCAT",2010
"181","BCAT",2001
"182","BCAT",2006
"183","BCAT",2007
"184","BCAT",2008
"185","BCAT",2004
"186","BCAT",2005
"187","BIMS",2002
"188","Biochem",2015
"189","Biochem",2015
"190","BIOKIS",2014
"191","BIOKIS",2012
"192","BIOKIS",2015
"193","BioLab",2007
"194","Biological",2015
"195","Biological",2014
"196","Biomolecule",2016
"197","Biopsy",2012
"198","Biopsy",2001
"199","Biopsy",2010
"200","Biopsy",2013
"201","Biopsy",2009
"202","Biorisk",2006
"203","Biorisk",2009
"204","Biorisk",2011
"205","Biorisk",2006
"206","Biorisk",2014
"207","Biorisk",2011
"208","Biotube",2003
"209","Biotube",2005
"210","BISE",2009
"211","BISE",2010
"212","Bisphosphonate",2004
"213","Bisphosphonate",2000
"214","Bisphosphonates",2013
"215","Blind",2015
"216","Blind",2014
"217","Blind",2015
"218","BONEMAC",2009
"219","BONEMAC",2012
"220","BOP",2006
"221","BOS",2007
"222","BP",2016
"223","BPS",2009
"224","BPS",2003
"225","BPS",2003
"226","BPS",2003
"227","BPS",2003
"228","BPS",2004
"229","BPS",2005
"230","BRADOS",2008
"231","Brados",2006
"232","Brados",2008
"233","Brados",2006
"234","Brain",2015
"235","Braslet",2009
"236","Braslet",2011
"237","Braslet",2012
"238","Braslet",2011
"239","Braslet",2012
"240","Braslet",1998
"241","BRIC",1996
"242","BRIC",1997
"243","BRIC",2001
"244","BRIC",2005
"245","BRIC",1996
"246","BRIC",1996
"247","BRIC",2001
"248","BRIC",2000
"249","BRIC",2003
"250","BRIC",2008
"251","BRIC",2013
"252","BRIC",2008
"253","BRIC",2012
"254","BRIC",1998
"255","BRIC",2015
"256","BRIC",2011
"257","BRIC",2012
"258","BRIC",1991
"259","BRIC",2013
"260","BRIC",2012
"261","Bric",2014
"262","BRIC",2015
"263","BRIC",2014
"264","BRIC",2016
"265","BRIC",2013
"266","BRIC",2013
"267","BRIC",2014
"268","BRIC",2014
"269","BRIC",2013
"270","BRIC",2013
"271","BTN",2009
"272","BTN",2010
"273","BTN",2009
"274","BTN",2011
"275","BTN",2010
"276","Bug",2007
"277","CARA",2016
"278","Card",2007
"279","Card",2009
"280","Card",2014
"281","Cardio",2013
"282","Cardio",2012
"283","Cardio",2013
"284","Cardiocog",2003
"285","Cardiocog",2009
"286","Cardiocog",2010
"287","Cardiocog",2007
"288","Cardiocog",2003
"289","Cardiocog",2009
"290","Cardiocog",2004
"291","Cardiocog",2007
"292","Cardiocog",2009
"293","Cardiocog",2010
"294","CardioRespir",2005
"295","CardioRespir",2009
"296","CardioRespir",2010
"297","CASIS",2011
"298","CASIS",2016
"299","Casolino",2007
"300","CATS",2003
"301","CATS",2007
"302","CBOSS",2009
"303","CBOSS",2000
"304","CBOSS",2006
"305","CBOSS",2013
"306","CBOSS",2005
"307","CBOSS",2009
"308","CBTM",2008
"309","CBTM",2004
"310","CBTM",2007
"311","CBTM",2003
"312","CBTM",2003
"313","CBTM",2003
"314","CBTM",2015
"315","CBTM",2015
"316","CBTM",2004
"317","CBTM",2003
"318","CBTM",2003
"319","CBTM",2009
"320","CBTM",2011
"321","CBTM",2012
"322","CBTM",2013
"323","CBTM",2009
"324","CBTM",2012
"325","CBTM",2013
"326","CBTM",2014
"327","CBTM",2010
"328","CBTM",2013
"329","CBTM",2013
"330","CBTM",2008
"331","CBTM",2015
"332","CBTM",2012
"333","CBTM",2013
"334","CBTM",2009
"335","CBTM",2009
"336","CBTM",2010
"337","CBTM",2016
"338","CBTM",2015
"339","CBTM",2015
"340","CBTM",2013
"341","CBTM",2012
"342","CBTM",2013
"343","CBTM",2014
"344","CBTM",2015
"345","CBTM",2012
"346","CBTM",2013
"347","CBTM",2010
"348","CBTM",2013
"349","CBTM",2015
"350","CBTM",2015
"351","CCF",2015
"352","CCF",2013
"353","CCF",2013
"354","CCF",2014
"355","CCF",2014
"356","CCF",2015
"357","CCICC",2011
"358","CCISS",2011
"359","CCISS",2012
"360","CCISS",2016
"361","CCISS",2011
"362","CCISS",2015
"363","CCISS",2014
"364","CCISS",2013
"365","CCISS",2012
"366","CCM",2012
"367","Cell",2009
"368","Cell",2009
"369","Cell",2004
"370","CellCult",1999
"371","CELLRAD",2015
"372","CellWall",2009
"373","CellWall",2007
"374","CellWall",2007
"375","Cemex",2014
"376","CEO",2003
"377","CEO",2005
"378","CEO",2005
"379","CEO",2007
"380","CEO",2006
"381","CEO",2013
"382","CEO",2016
"383","CEO",2015
"384","CEO",2003
"385","CEO",2003
"386","CEO",2004
"387","CEO",2002
"388","CEO",2004
"389","CEO",2001
"390","CEO",2002
"391","CEO",2005
"392","CEO",2003
"393","CEO",2006
"394","CEO",2006
"395","CEO",2008
"396","CEO",2007
"397","CEO",2008
"398","CERISE",2011
"399","CERISE",2011
"400","CERISE",2011
"401","CERISE",2016
"402","CERISE",2016
"403","CERISE",2009
"404","CERISE",2009
"406","CETSOL",2015
"407","CETSOL",2016
"408","CETSOL",2012
"409","CETSOL",2010
"410","CETSOL",2012
"411","CETSOL",2014
"412","CETSOL",2013
"413","CEVIS",2010
"414","CEVIS",2010
"415","CFE",2007
"416","CFE",2008
"417","CFE",2009
"418","CFE",2008
"419","CFE",2005
"420","CFE",2007
"421","CFE",2008
"422","CFE",2009
"423","CFE",2007
"424","CFE",2008
"425","CFE",2009
"426","CFE",2008
"427","CFE",2009
"428","CFE",2010
"429","CFRP",2011
"430","CFRP",2012
"431","CFS",2013
"432","CFS",2016
"433","CGBA",2004
"434","CGBA",2005
"435","CGBA",2006
"436","CGBA",2001
"437","CGBA",2002
"438","CHIRO",2004
"439","Chondro",2004
"440","Chondro",2010
"441","Chromosome",2005
"442","Chromosome",2001
"443","Chromosome",2012
"444","Chromosome",2007
"445","Chromosome",2003
"446","Chromosome",2000
"447","Chromosome",2003
"448","Chromosome",2004
"449","Chromosome",2005
"450","Chromosome",2003
"451","Chromosome",2005
"452","Chromosome",2004
"453","Chromosome",2004
"454","Chromosome",2005
"455","Chromosome",2006
"456","Chromosome",2008
"457","Chromosome",2001
"458","Chromosome",2000
"459","Chromosome",2001
"460","Chromosome",2005
"461","Chromosome",2007
"462","Chromosome",2010
"463","Chromosome",2011
"464","Chromosome",2013
"465","Chromosome",2010
"466","CIMEX",2016
"467","CIMEX",2005
"468","CIMEX",2014
"469","CIR",2008
"470","CIRCA",2009
"471","CIS",2012
"472","CIS",2011
"473","CIS",2013
"474","Clinical",2008
"475","Clinical",2014
"476","Clinical",2005
"477","Clinical",2001
"478","Clinical",2005
"479","Clinical",2014
"480","Clinical",2012
"481","Cogni",2003
"482","CogniSpace",2005
"483","Comm",2016
"484","Cool",2016
"485","COSMIC",2003
"486","COSMIC",2007
"487","CPCG",2002
"488","CPCG",2003
"489","CPCG",2002
"490","CPCH",2002
"491","CPI",2011
"492","CRE",2008
"493","CRE",2008
"494","CREAM",2007
"495","CREAM",2010
"496","CREAM",2008
"497","CREAM",2010
"498","CREAM",2012
"499","CRISP",2001
"500","CRISP",2001
"501","CRISP",2006
"502","CRUISE",2013
"503","CSI",2002
"504","CSI",2004
"505","CSI",2005
"506","CSI",2007
"507","CSI",2012
"508","CSI",2005
"509","CSI",2003
"510","CSI",2011
"511","CSI",2001
"512","CSI",2012
"513","CSI",2015
"514","CSLM",2013
"515","CSLM",2011
"516","CSLM",2008
"517","CSLM",2009
"518","CSLM",1996
"519","CSLM",2000
"520","CsPINs",2008
"521","CsPINs",2016
"522","CVB",2010
"523","CVB",2010
"524","CVB",2011
"525","CVB",2013
"526","CVB",2011
"527","CVB",2011
"528","CVB",2014
"529","CVB",2015
"530","CVB",2015
"531","CVB",2016
"532","CVB",2016
"533","CVB",2016
"534","CVB",2010
"535","CVB",2010
"536","CVB",2012
"537","CVB",2008
"538","DAFT",2005
"539","DAFT",2005
"540","DCPCG",2000
"541","DCPCG",2001
"542","DCPCG",2010
"543","DCTT",2012
"544","DECLIC",2010
"545","DECLIC",2004
"546","DECLIC",2015
"547","DECLIC",2013
"548","DECLIC",2006
"549","DECLIC",2010
"550","DECLIC",2011
"551","DECLIC",2013
"552","DECLIC",2014
"553","DECLIC",2015
"554","DECLIC",2015
"555","DECLIC",2015
"556","DECLIC",2005
"557","DECLIC",2011
"558","DECLIC",2015
"559","DECLIC",2016
"560","DECLIC",2011
"561","DECLIC",2014
"562","DECLIC",2008
"563","DECLID",2015
"564","Diurez",2005
"565","DOBIES",2008
"566","DOD",2014
"567","DOD",2014
"568","DomeGene",2007
"569","DomeGene",2008
"570","DomeGene",2005
"571","Dose",2015
"572","DOSIS",2013
"573","DOSIS",2004
"574","DOSMAP",2001
"575","DOSMAP",2005
"576","DragonSAT",2012
"577","DRM",2014
"578","DTN",2010
"579","Dynamic",2016
"580","Easton",2012
"581","Education",2001
"582","ELF",2002
"583","ELF",2015
"584","ELITE",2003
"585","ELITE",2009
"586","EMCH",2006
"587","EMCS",2005
"588","EML",2014
"589","EML",2012
"590","EML",2016
"591","EML",2011
"592","ENEIDE",2010
"593","ENEIDE",2007
"594","Energy",2010
"595","ENose",2009
"596","Enose",2006
"597","ENose",2008
"598","ENose",2009
"599","ENose",2010
"600","ENose",2007
"601","ENose",2008
"602","ENose",2009
"603","Enose",2010
"604","Environmental",2004
"605","Environmental",2003
"606","Environmental",2004
"607","Environmental",2003
"608","Environmental",2003
"609","Environmental",2008
"610","Epstein",2011
"611","Epstein",2008
"612","Epstein",2012
"613","Epstein",2005
"614","Epstein",2003
"615","Epstein",2001
"616","Epstein",2011
"617","ERB",2007
"618","ERB",2008
"619","ESA",2007
"620","ESA",2004
"621","ESA",2016
"622","ESD",2003
"623","ETD",2007
"624","ETD",2008
"625","ETD",2013
"626","ETD",2007
"627","ETD",2008
"628","ETD",2004
"629","ETD",2006
"630","ETD",2016
"631","EuTEF",2012
"632","EuTEF",2012
"633","EuTEF",2011
"634","EuTEF",2011
"635","EuTEF",2012
"636","EuTEF",2015
"637","EuTEF",2015
"638","EuTEF",2015
"639","EuTEF",2012
"640","EuTEF",2013
"641","EuTEF",2012
"642","EuTEF",2012
"643","EuTEF",2007
"644","EuTEF",2011
"645","EuTEF",2008
"646","EuTEF",2011
"647","EuTEF",2009
"648","EuTEF",2009
"649","EuTEF",2003
"650","EuTEF",2016
"651","EVARM",2014
"652","EVARM",2008
"653","Exploration",2011
"654","Exploration",2004
"655","Exploration",2011
"656","Exploration",2005
"657","Exploration",2011
"658","Exploration",2011
"659","Exploration",2007
"660","Exploration",2011
"661","Exploration",2011
"662","Exploration",2006
"663","Exploration",2005
"664","Exploration",2006
"665","Exploration",2008
"666","Exploration",2007
"667","Exploration",2009
"668","Exploration",2011
"669","Exploration",2011
"670","Exploration",2009
"671","Exploration",2006
"672","Exploration",2006
"673","Exploration",2000
"674","Exploration",2010
"675","Exploration",2008
"676","Exploration",2000
"677","Expose",2011
"678","EXPOSE",2009
"679","Expose",2010
"680","EXPOSE",2012
"681","EXPOSE",2012
"682","EXPOSE",2009
"683","EXPOSE",2011
"684","EXPOSE",2014
"685","Expose",2012
"686","Expose",2013
"687","Expose",2010
"688","Expose",2009
"689","Expose",2012
"690","Expose",2015
"691","Expose",2012
"692","Expose",2015
"693","Expose",2015
"694","Expose",2015
"695","Expose",2015
"696","Expose",2015
"697","Expose",2015
"698","Expose",2015
"699","Expose",2015
"700","Expose",2015
"701","Expose",2016
"702","Expose",2015
"703","Expose",2015
"704","Expose",2015
"705","Expose",2015
"706","EXPOSE",2013
"707","EXPOSE",2015
"708","Expose",2016
"709","EXPOSE",2016
"710","EXPOSE",2015
"711","EXPOSE",2016
"712","EXPPCS",2007
"713","EXPPCS",2001
"714","EXPPCS",2002
"715","EXPPCS",2004
"716","EXPPCS",2005
"717","EXPPCS",2001
"718","EXPPCS",2002
"719","EXPPCS",2002
"720","EXPRESS",2008
"721","EXPRESS",2001
"722","External",2007
"723","External",2011
"724","External",2011
"725","External",2007
"726","External",2006
"727","External",2008
"728","External",2009
"729","F",2014
"730","Facet",2012
"731","FACET",2014
"732","Facet",2010
"733","FASES",2007
"734","Fases",2005
"735","FASES",2004
"736","FBCE",2015
"737","Ferulate",2005
"738","Ferulate",2009
"739","Ferulate",2011
"740","Ferulate",2012
"741","Ferulate",2015
"742","Ferulate",2005
"743","Ferulate",2009
"744","FFL",2012
"745","FFL",2009
"746","FFL",2011
"747","FFL",2015
"748","FFL",2007
"749","Field",2013
"750","FIR",2004
"751","Fish",2012
"752","Fish",2010
"753","Fish",2010
"754","Fish",2007
"755","Fish",2008
"756","Fish",2009
"757","Fish",2011
"758","Fish",2008
"759","Fish",2008
"760","Fish",2012
"761","FIT",2006
"762","FIT",2011
"763","FIT",2014
"764","FLEX",2013
"765","FLEX",2014
"766","FLEX",2014
"767","FLEX",2015
"768","FLEX",2016
"769","FLEX",2014
"770","FLEX",2015
"771","FLEX",2014
"772","FLEX",2012
"773","FLEX",2013
"774","FLEX",2014
"775","FLEX",2015
"776","FLEX",2015
"777","FLEX",2013
"778","FLEX",2014
"779","FLEX",2016
"780","FLEX",2015
"781","FLOW",2007
"782","Fluid",2015
"783","Fluid",2015
"784","FMVM",2007
"785","FMVM",2006
"786","FMVM",2009
"787","Foam",2015
"788","Foam",2008
"789","Foam",2014
"790","Foam",2014
"791","Foam",2011
"792","Foam",2011
"793","Foam",2011
"794","FOB",2012
"795","FOCUS",2010
"796","FOCUS",2011
"797","FOCUS",2014
"798","Foot",2004
"799","Foot",2009
"800","Foot",2010
"801","Foot",2009
"802","Foot",2010
"803","Foot",2010
"804","FRTL",2007
"805","FRTLS5",2010
"806","FSL",2004
"807","FSL",2003
"808","FTT",2015
"809","Functional",2012
"810","Functional",2015
"811","Functional",2015
"812","Functional",2013
"813","Functional",2015
"814","Future",2011
"815","Future",2012
"816","FWED",2008
"817","GCF",2003
"818","GCF",2007
"819","Gematologia",2004
"820","Gematologia",2008
"821","Gematologia",2006
"822","Gematologia",2007
"823","Gematologiya",2010
"824","Genara",2014
"825","Genara",2014
"826","Genara",2012
"827","Gene",2010
"828","Gene",2005
"829","Gene",2007
"830","GENE",2008
"831","Geoflow",2003
"832","Geoflow",2003
"833","GeoFlow",2015
"834","GeoFlow",2011
"835","GeoFlow",2008
"836","GeoFlow",2009
"837","GeoFlow",2008
"838","Geoflow",2009
"839","Geoflow",2003
"840","Geoflow",2006
"841","Geoflow",2011
"842","Geoflow",2009
"843","GeoFlowII",2011
"844","Germatologia",2011
"845","GraPhoBox",2007
"846","Gravi",2008
"847","Gravi",2000
"848","Gravi",2003
"849","GRAVI",2008
"850","GRAVI",2008
"851","Gravi",2005
"852","H",2003
"853","H",2001
"854","Hair",2012
"855","HDEV",2015
"856","HDEV",2016
"857","Heart",2007
"858","Heart",2006
"859","Hicari",2011
"860","Hicari",2014
"861","Hicari",2015
"862","Hicari",2014
"863","HPA",2003
"864","HREP",2012
"865","HREP",2015
"866","HREP",2010
"867","HREP",2011
"868","HREP",2013
"869","HREP",2014
"870","HREP",2013
"871","HREP",2012
"872","HREP",2013
"873","HREP",2014
"874","HREP",2004
"875","HREP",2008
"876","HREP",2010
"877","HREP",2011
"878","HREP",2010
"879","HREP",2010
"880","HREP",2008
"881","HREP",2010
"882","HREP",2012
"883","HREP",2013
"884","HREP",2010
"885","HREP",2010
"886","HREP",2010
"887","HREP",2012
"888","HREP",2012
"889","HREP",2014
"890","HREP",2013
"891","HREP",2011
"892","HREP",2012
"893","HREP",2014
"894","HREP",2009
"895","HREP",2010
"896","HREP",2009
"897","HREP",2010
"898","HREP",2011
"899","HREP",2010
"900","HREP",2012
"901","HREP",2010
"902","HREP",2011
"903","HREP",2014
"904","HREP",2014
"905","HREP",2004
"906","HREP",2005
"907","HREP",2011
"908","HREP",2012
"909","HREP",2014
"910","HREP",2012
"911","HREP",2010
"912","HREP",2012
"913","HREP",2013
"914","HREP",2012
"915","HREP",2012
"916","HREP",2011
"917","HREP",2009
"918","HREP",2009
"919","HREP",2010
"920","HREP",2011
"921","HREP",2012
"922","HREP",2012
"923","HREP",2009
"924","HREP",2011
"925","HREP",2012
"926","HRF",2005
"927","Hybrid",2015
"928","HydroTropi",2012
"929","HydroTropi",2012
"930","HydroTropi",2012
"931","HydroTropi",2012
"932","HydroTropi",2012
"933","HydroTropi",2012
"934","Hypersole",2014
"935","Hypersole",2015
"936","I",2005
"937","I",2004
"938","I",2004
"939","I",2012
"940","I",2013
"941","I",2014
"942","IAC",2010
"943","Ice",2009
"944","Ice",2011
"945","ICE",2012
"946","Ice",2011
"947","Ice",2014
"948","Ice",2014
"949","Ice",2012
"950","Ice",2014
"951","ICE",2007
"952","ICE",2008
"953","ICE",2005
"954","ICE",2014
"955","ICE",2008
"956","ICE",2008
"957","ICE",2005
"958","ICE",2006
"959","ICE",2007
"960","ICE",2011
"961","ICE",2008
"962","ICE",2006
"963","ICE",2007
"964","ICE",2006
"965","ICE",2007
"966","ICE",2009
"967","IFOAM",2016
"968","Immune",2008
"969","Immuno",2011
"970","Immuno",2008
"971","Immuno",2012
"972","Immuno",2016
"973","Impuls",2003
"974","Impulse",2009
"975","In",2015
"976","InSPACE",2008
"977","InSPACE",2009
"978","InSPACE",2012
"979","InSPACE",2014
"980","Int",2005
"981","Int",2001
"982","Int",2008
"983","Int",2006
"984","Int",2004
"985","Int",2006
"986","Int",2003
"987","Int",2004
"988","Int",2004
"989","Int",1999
"990","Int",2005
"991","Int",2010
"992","Int",2006
"993","Int",2007
"994","Integrated",2000
"995","Integrated",2001
"996","Integrated",2003
"997","Integrated",2005
"999","Integrated",1999
"1000","Integrated",2004
"1001","Integrated",2004
"1002","Integrated",2007
"1003","Integrated",2008
"1004","Integrated",2002
"1005","Integrated",2005
"1006","Integrated",2007
"1007","Integrated",2002
"1008","Integrated",2001
"1009","Integrated",2007
"1010","Integrated",2015
"1011","Integrated",2016
"1012","Integrated",2016
"1013","Integrated",2008
"1014","Integrated",2012
"1015","Integrated",2011
"1016","Integrated",2011
"1017","Integrated",2014
"1018","Integrated",2008
"1019","IntegratedImmuneSDBI",2008
"1020","IntegrateIdmmune",2014
"1021","Interactions",2009
"1022","Interactions",2005
"1023","Interactions",2006
"1024","Interactions",2001
"1025","Interactions",2005
"1026","Interactions",2006
"1027","Interactions",2006
"1028","Interactions",2007
"1029","Interactions",2008
"1030","Interactions",2009
"1031","Interactions",2010
"1032","Interactions",2011
"1033","Interactions",2001
"1034","Interactions",2005
"1035","Interactions",2001
"1036","Interactions",2005
"1037","Interactions",2010
"1038","Interactions",2011
"1039","Interactions",2005
"1040","Interactions",2006
"1041","Interactions",2006
"1042","Interactions",2007
"1043","Interactions",2005
"1044","Interactions",2006
"1045","Interactions",2015
"1046","Intervertebral",2014
"1047","Intervertebral",2016
"1048","Intervertebral",2013
"1049","Intervertebral",2012
"1050","Intervertebral",2013
"1051","Intervertebral",2013
"1052","Intervertebral",2015
"1053","Intervertebral",2013
"1054","Inververtebral",2014
"1055","Inververtebral",2014
"1056","IOP",2011
"1057","iRED",2015
"1058","iRED",2012
"1059","ISERV",2015
"1060","ISS",2003
"1061","ISS",2013
"1062","ISS",2013
"1063","ISS",2004
"1064","ISS",2004
"1065","ISS",2013
"1066","ISS",2014
"1067","ISS",2012
"1068","ISS",2013
"1069","ISS",2011
"1070","ISS",2003
"1071","ISS",2011
"1072","ISS",2004
"1073","ISS",2015
"1074","ISS",2014
"1075","ISS",2014
"1076","ISS",2015
"1077","ISS",2015
"1078","ISS",2014
"1079","ISS",2009
"1080","ISS",2006
"1081","ISS",2002
"1082","ISS",2006
"1083","ISS",2006
"1084","ISS",2002
"1085","ISS",2004
"1086","ISS",2012
"1087","ISS",2015
"1088","ISS",2015
"1089","ISS",2015
"1090","ISS",2015
"1091","ISS",2012
"1092","ISS",2015
"1093","ISS",2014
"1094","ISS",2016
"1095","ISS",2012
"1096","ISS",2014
"1097","ISS",2015
"1098","ISS",2015
"1099","ISS",2014
"1100","ISS",2006
"1101","ISS",2014
"1102","ISS",2013
"1103","ISS",2012
"1104","ISS",2012
"1105","ISS",2015
"1106","ISS",2013
"1107","ISS",2015
"1108","ISS",2015
"1109","ISS",2014
"1110","ISS",2012
"1111","ISS",2014
"1112","ISS",2014
"1113","ISS",2012
"1114","ISS",2013
"1115","ISS",2013
"1116","ISS",2013
"1117","ISS",2013
"1118","ISS",2012
"1119","ISS",2015
"1120","ISS",2016
"1121","ISS",2015
"1122","ISS",2010
"1123","ISS",2007
"1124","ISS",2013
"1125","ISS",2011
"1126","ISS",2011
"1127","ISS",2013
"1128","ISS",2011
"1129","ISS",2010
"1130","ISS",2014
"1131","ISS",2012
"1132","ISS",2016
"1133","ISS",2016
"1134","ISS",2015
"1135","ISS",2014
"1136","ISS",2016
"1137","ISS",2015
"1138","ISS",2016
"1139","ISS",2004
"1140","ISS",2011
"1141","ISS",2015
"1142","ISS",2015
"1143","ISS",2015
"1144","ISS",2015
"1145","ISS",2015
"1146","ISS",2015
"1147","ISS",2016
"1148","ISS",2014
"1149","ISS",2016
"1150","ISS",2016
"1151","ISS",2015
"1152","ISS",2016
"1153","ISS",2015
"1154","ISS",2016
"1155","ISS",2015
"1156","ISS",2016
"1157","ISS",2015
"1158","ISS",2016
"1159","ISS",2014
"1160","ISS",2014
"1161","ISS",2014
"1162","ISS",2009
"1163","ISS",2010
"1164","ISS",2011
"1165","ISS",2015
"1166","ISSAC",2012
"1167","ISSAC",2011
"1168","ISSI",2006
"1169","ISSI",2002
"1170","ISTAR",2013
"1171","IVGEN",2011
"1172","Iwase",2013
"1173","Izgib",2001
"1174","Izgib",2003
"1175","Izgib",2006
"1176","J",2011
"1177","JAXA",2014
"1178","JAXA",2013
"1179","JAXA",2016
"1180","JAXA",2012
"1181","JAXA",2012
"1182","JAXA",2013
"1183","JAXA",2016
"1184","JAXA",2015
"1185","JAXA",2011
"1186","JAXA",2006
"1187","JAXA",2010
"1188","JAXA",2003
"1189","JAXA",2011
"1190","JAXA",1997
"1191","JAXA",2005
"1192","JAXA",2006
"1193","JAXA",2011
"1194","JAXA",2012
"1195","JAXA",2008
"1196","JAXA",2006
"1197","JAXA",2009
"1198","JAXA",2015
"1199","JAXA",2010
"1200","JAXA",2002
"1201","JAXA",2006
"1202","JAXA",2005
"1203","JAXA",2010
"1204","JAXA",2004
"1205","JAXA",2006
"1206","JAXA",2007
"1207","JAXA",2011
"1208","JAXA",2014
"1209","JAXA",2015
"1210","JAXA",2010
"1211","JAXA",2011
"1212","JAXA",2012
"1213","JAXA",2010
"1214","JAXA",2012
"1215","JAXA",2011
"1216","JAXA",2012
"1218","JEM",2011
"1219","JEM",2011
"1220","JEM",2011
"1221","JEM",2011
"1222","Journals",2016
"1223","Journals",2010
"1224","KAP",2015
"1225","Kaplya",2015
"1226","Kappa",2005
"1227","KAPPA",2014
"1228","KFT",2011
"1229","KFT",2005
"1230","Kikuchi",2015
"1231","Kikuchi",2015
"1232","Kikuchi",2015
"1233","Kikuchi",1984
"1234","KONTUR",2016
"1235","Kornilova",2004
"1236","Kristallizator",2008
"1237","Kristallizator",2015
"1238","Kristallizator",2016
"1239","Kristallizator",2016
"1240","Kristallizator",2013
"1241","Kromka",2003
"1242","Kromka",2008
"1243","Kromka",2008
"1244","LADA",2014
"1245","Lada",2005
"1246","Lada",2015
"1247","Lada",2008
"1248","Latent",2009
"1249","Latent",2004
"1250","Latent",2005
"1251","Latent",2000
"1252","Latent",2000
"1253","Latent",2003
"1254","LAZIO",2001
"1255","LAZIO",2007
"1256","Leikin",2015
"1257","Leukin",2012
"1258","Lithopanspermia",2011
"1259","LOCAD",2008
"1260","LOCAD",2008
"1261","LOCAD",2009
"1262","LOCAD",2010
"1263","LOCAD",2012
"1264","LOCAD",2011
"1265","LOCAD",2009
"1266","LOH",2009
"1267","LOH",2009
"1268","LOH",2011
"1269","LOH",2010
"1270","LSO",2006
"1271","LSO",2007
"1272","LSO",2003
"1273","LSO",2016
"1274","LSO",2004
"1275","MACE",2003
"1276","MAMS",2013
"1277","MAMS",2002
"1278","MAMS",2002
"1279","MAMS",2005
"1280","MAMS",2003
"1281","MAMS",2004
"1282","MAMS",2012
"1283","MAMS",2009
"1284","MAMS",2013
"1285","MAMS",2008
"1286","Marangoni",2015
"1287","Marangoni",2007
"1288","Marangoni",2009
"1289","Marangoni",2005
"1290","Marangoni",2015
"1291","Marangoni",2005
"1292","Marangoni",2015
"1293","Marangoni",2012
"1294","Marangoni",2003
"1295","Marangoni",2008
"1296","Marangoni",2010
"1297","Marangoni",2011
"1298","Marangoni",2015
"1299","Marangoni",2005
"1300","Marangoni",2011
"1301","Marangoni",2011
"1302","Marangoni",2011
"1303","MARES",2011
"1304","MARES",2012
"1305","Matroshka",2011
"1306","MATROSHKA",2011
"1307","Matroshka",2007
"1308","Matroshka",2010
"1309","Matroshka",2010
"1310","MATROSHKA",2011
"1311","Matroshka",2006
"1312","Matroshka",2009
"1313","Matroshka",2010
"1314","MATROSHKA",2011
"1315","Matroshka",2009
"1316","Matroshka",2011
"1317","Matroshka",2014
"1318","MATROSHKA",2010
"1319","Matroshka",2013
"1320","Matroshka",2005
"1321","Matroshka",2012
"1322","Matroshka",2009
"1323","Matroshka",2011
"1324","Matroshka",2010
"1325","Matroshka",2010
"1326","Matroshka",2009
"1327","Matroshka",2010
"1328","Matroshka",2010
"1329","Matroshka",2009
"1330","Matroshka",2007
"1331","Matroshka",2011
"1332","MATROSHKA",2012
"1333","Matroshka",2011
"1334","Matroshka",2009
"1335","Matroshka",2012
"1336","Matroshka",2003
"1337","Matroshka",2007
"1338","Matroshka",2008
"1339","Matroshka",2010
"1340","Matroshka",2012
"1341","Matroshka",2013
"1342","Matroshka",2015
"1343","Matroyshka",2014
"1344","Matryeshka",2004
"1345","Matryoshka",2010
"1346","MAUI",2003
"1347","MAXI",2013
"1348","MAXI",2011
"1349","MAXI",2011
"1350","MAXI",2013
"1351","MAXI",2010
"1352","MAXI",2005
"1353","MAXI",2011
"1354","MAXI",2013
"1355","MAXI",2013
"1356","MAXI",2011
"1357","MAXI",2009
"1358","MAXI",2001
"1359","MAXI",2011
"1360","MAXI",2011
"1361","MAXI",2013
"1362","MAXI",2010
"1363","MAXI",2011
"1364","MAXI",2011
"1365","MAXI",2011
"1366","MAXI",2011
"1367","MAXI",2004
"1368","MAXI",2011
"1369","MAXI",2011
"1370","MAXI",2011
"1371","MAXI",2011
"1372","MAXI",2011
"1373","MAXI",2011
"1374","MAXI",2011
"1375","MAXI",2011
"1376","MCE",2014
"1377","MCE",2015
"1378","MCE",2011
"1379","MCE",2011
"1380","MCE",2011
"1381","MCE",2011
"1382","MCE",2011
"1383","MCE",2011
"1384","MCE",2012
"1385","MCE",2009
"1386","MCE",2009
"1387","MDRV",2011
"1388","MDRV",2007
"1389","MDRV",2000
"1390","MDRV",2003
"1391","MDRV",2004
"1392","MDRV",2002
"1393","MDS",2012
"1394","MDS",2014
"1395","MDS",2012
"1396","MDS",2014
"1397","MDS",2013
"1398","MDS",2002
"1399","MDS",2012
"1400","MDS",2012
"1401","MDS",2002
"1402","MDS",2012
"1403","MDS",2015
"1404","MDS",2014
"1405","MDS",2002
"1406","MDS",2012
"1407","MDS",2012
"1408","MDS",2012
"1409","MDS",2012
"1410","Medaka",2015
"1411","Medaka",2015
"1412","Medaka",2003
"1413","MedOps",2007
"1414","MedOps",2007
"1415","MedOps",2008
"1416","MedOps",2004
"1417","MedOps",2001
"1418","MedOps",2011
"1419","MedOps",2010
"1420","MedOps",2009
"1421","MedOps",2012
"1422","MedOps",2009
"1423","MedOps",2012
"1424","MedOps",2011
"1425","MedOps",2012
"1426","MEIS",2002
"1427","MEPS",2004
"1428","MEPS",2009
"1429","MEPS",2003
"1430","MESSAGE",2004
"1431","MESSAGE",2004
"1432","MESSAGE1",2009
"1433","Message2",2006
"1434","Mezhkletochnoe",2007
"1435","Mezhkletochnoe",2006
"1436","MFMG",2005
"1437","MFMG",2005
"1438","MFMG",2006
"1439","MFMG",2007
"1440","MFMG",2013
"1441","MFMG",2002
"1442","MIA",2006
"1443","MIA",2011
"1444","MICAST",2014
"1445","MICAST",2016
"1446","MICAST",2014
"1447","Micro",2013
"1448","Micro",2001
"1449","Micro",2014
"1450","Micro",2015
"1451","Micro",2008
"1452","Micro",2006
"1453","Micro",2011
"1454","Micro",2007
"1455","Micro",2016
"1456","Micro2",2013
"1457","Microbe",2011
"1458","Microbe",2013
"1459","Microbe",2010
"1460","MIcrobe",2016
"1461","Microbe",2007
"1462","Microbe",2015
"1463","Microbe",2013
"1464","Microbe",2011
"1465","Microbe",2016
"1466","Microbe",2014
"1467","Microbe",2011
"1468","MIcrobe",2016
"1469","MICROBE",2010
"1470","Microbial",2016
"1471","Microflow1",2011
"1472","Microflow1",2013
"1473","Microspace",2007
"1474","Midodrine",2011
"1475","Midodrine",2003
"1476","Midodrine",2001
"1478","Midodrine",2003
"1479","Midodrine",2003
"1480","Midodrine",2004
"1481","Midodrine",2004
"1482","Midodrine",2006
"1483","Midodrine",2010
"1484","Midodrine",2004
"1485","Midodrine",2004
"1486","Midodrine",2002
"1487","MISSE",2013
"1488","MISSE",2013
"1489","MISSE",2006
"1490","MISSE",2008
"1491","MISSE",2008
"1492","MISSE",2006
"1493","MISSE",2006
"1494","MISSE",2007
"1495","MISSE",2006
"1496","MISSE",2006
"1497","MISSE",2007
"1498","MISSE",2006
"1499","MISSE",2008
"1500","MISSE",2009
"1501","MISSE",2011
"1502","MISSE",2013
"1503","MISSE",2011
"1504","MISSE",2009
"1505","MISSE",2008
"1506","MISSE",2012
"1507","MISSE",2010
"1508","MISSE",2011
"1509","MISSE",2012
"1510","MISSE",2012
"1511","MISSE",2013
"1512","MISSE",2012
"1513","MISSE",2014
"1514","MISSE",2011
"1515","MISSE2",2008
"1516","MISSE2",2009
"1517","MISSE5",2009
"1518","MISSE5",2011
"1519","MISSE7",2015
"1520","MISSE7",2013
"1521","Mobility",2012
"1522","Mobility",2010
"1523","Mobility",2006
"1524","Mobility",2010
"1525","Mobility",2011
"1526","MOBIPV",2016
"1527","MOP",2007
"1528","MOP",2007
"1529","MOP",2011
"1530","Mouse",2012
"1531","Mouse",2013
"1532","Mouse",2014
"1533","Mouse",2015
"1534","Mouse",2015
"1535","Mouse",2015
"1536","Mouse",2012
"1537","Mouse",2014
"1538","Mouse",2014
"1539","Mouse",2013
"1540","Mouse",2005
"1541","MPAC",2010
"1542","MPAC",2009
"1543","MPAC",2013
"1544","MPAC",2013
"1545","MPAC",2010
"1546","MSG",2006
"1547","MSG",2007
"1548","MSG",2008
"1549","MSG",2008
"1550","MSL",2012
"1551","MSL",2011
"1552","MSL",2011
"1553","Multigen",2015
"1554","Multigen",2015
"1555","Multigen",2009
"1556","Multigen",2006
"1557","Multigen",2009
"1558","MULTIGEN",2009
"1559","Multigen",2003
"1560","Multigen",2010
"1561","Muscle",2015
"1562","Muscle",2015
"1563","MVIS",2004
"1564","MVIS",2008
"1565","MVIS",2001
"1566","Myco",2016
"1567","Myolab",2013
"1568","MyoLab",2013
"1569","MyoLab",2009
"1570","Myolab",2012
"1571","Myolab",2012
"1572","Myolab",2012
"1573","Myolab",2012
"1574","Myolab",2012
"1575","Myolab",2012
"1576","Myolab",2012
"1577","MyoLab",2012
"1578","Myolab",2012
"1579","Nano",2015
"1580","Nano",2015
"1581","Nano",2016
"1582","Nano",2013
"1583","NanoRacks",2011
"1584","NanoRacks",2015
"1585","NanoRacks",2015
"1586","NanoRacks",2015
"1587","NanoRacks",2015
"1588","NanoRacks",2015
"1589","NanoRacks",2013
"1590","NanoRacks",2013
"1591","NanoRacks",2015
"1592","NanoRacks",2016
"1593","NanoRacks",2015
"1594","NanoRacks",2015
"1595","Nanoskeleton",2010
"1596","Nanoskeleton",2011
"1597","Nanoskeleton",2010
"1598","Nanoskeleton",2011
"1599","Nanoslab",1999
"1600","Nanoslab",2002
"1601","Nanoslab",2003
"1602","Neocytolysis",2008
"1603","Neurocog",2006
"1604","Neurocog",2009
"1605","Neurocog",2014
"1606","Neurocog",2013
"1607","Neurocog",2005
"1608","NeuroRad",2007
"1609","NeuroRad",2012
"1610","NeuroRad",2013
"1611","NeuroRad",2009
"1612","NeuroRad",2011
"1613","Neurospat",2016
"1614","Neurospat",2007
"1615","Night",2011
"1616","Night",2011
"1617","Night",2012
"1618","Night",2009
"1619","Night",2008
"1620","Night",2011
"1621","Night",2013
"1622","Nightpod",2012
"1623","NKA",2004
"1624","NKA",2005
"1625","NKA",2008
"1626","NKA",2005
"1627","NLP",2013
"1628","NLP",2013
"1629","NLP",2010
"1630","NLP",2007
"1631","NLP",2013
"1632","NLP",2016
"1633","NOA",2004
"1634","NOA",2009
"1635","NOA",2008
"1636","NOA",2009
"1637","NOFBX",2012
"1638","NPBX",2014
"1639","NPBX",2012
"1640","NPBX",2015
"1641","Nutrition",2006
"1642","Nutrition",2005
"1643","Nutrition",2014
"1644","Nutrition",2015
"1645","Nutrition",2009
"1646","Nutrition",2010
"1647","Occular",2013
"1648","Ocular",2015
"1649","Ocular",2013
"1650","Ocular",2015
"1651","Ocular",2015
"1652","One",2015
"1653","OPALS",2015
"1654","ORSZ",2009
"1655","Orwoll",2013
"1656","ORZS",2010
"1657","ORZS",2005
"1658","ORZS",2007
"1659","ORZS",2002
"1660","ORZS",2003
"1661","ORZS",2009
"1662","ORZS",2012
"1663","ORZS",2003
"1664","ORZS",2005
"1665","ORZS",2004
"1666","ORZS",2009
"1667","ORZS",2005
"1668","Other",2003
"1669","Other",2010
"1670","Other",2010
"1671","Other",2010
"1672","Other",2011
"1673","Other",2001
"1674","Other",2011
"1675","Other",2011
"1676","Other",2011
"1677","Other",2012
"1678","Other",2011
"1679","Other",2011
"1680","Other",2000
"1681","Other",2001
"1682","Other",2006
"1683","Other",2011
"1684","Other",2011
"1685","Other",2011
"1686","Other",2011
"1687","Other",2011
"1688","Other",2010
"1689","Other",2011
"1690","Other",2011
"1691","Other",2009
"1692","Other",2009
"1693","Other",2001
"1694","Other",2011
"1695","Other",2005
"1696","Other",2011
"1697","Other",2011
"1698","Other",2011
"1699","Other",2010
"1700","Other",2008
"1701","Other",2011
"1702","Other",2011
"1703","Other",2010
"1704","Other",2008
"1705","Other",2009
"1706","Other",2005
"1707","Other",2011
"1708","Other",2000
"1709","Other",2008
"1710","Other",2003
"1711","Other",2011
"1712","Other",2008
"1713","Other",2005
"1714","Other",2005
"1715","Other",2005
"1716","Other",2011
"1717","Other",2011
"1718","Other",2010
"1719","Other",2011
"1720","Other",2011
"1721","Other",2011
"1722","Other",2010
"1723","Other",2000
"1724","Other",2011
"1725","Other",2011
"1726","Other",2011
"1727","Other",2011
"1728","Other",2009
"1729","Other",2011
"1730","Other",2009
"1731","Other",2010
"1732","Other",2011
"1733","Other",2011
"1734","Other",2005
"1735","Other",2015
"1736","Other",1999
"1737","Other",2011
"1738","Other",2011
"1739","Other",2011
"1740","Other",2011
"1741","Other",2011
"1742","Other",2011
"1743","Other",2008
"1744","Other",2011
"1745","Other",2004
"1746","Other",2011
"1747","Other",2011
"1748","Other",2010
"1749","Other",2011
"1750","Other",2010
"1751","Other",2011
"1752","Other",2010
"1753","Other",2006
"1754","Other",2011
"1755","Other",2011
"1756","Otolith",2000
"1757","Otolith",2001
"1758","Otolith",2015
"1759","Otolith",2006
"1760","Otolith",2015
"1761","Otolith",2016
"1762","Otolith",2011
"1763","Otolith",2005
"1764","OVAR",2007
"1765","OVAR",2013
"1766","OVAR",2011
"1767","OVAR",2007
"1768","PACE",2007
"1769","PACE",2004
"1770","PACE",2004
"1771","PACE",2005
"1772","PACE",2005
"1773","Passages",2015
"1774","Passages",2009
"1775","Passages",2008
"1776","PBRE",2003
"1777","PCDF",2010
"1778","PCDF",2008
"1779","PCDF",2012
"1780","PCDF",2009
"1781","PCG",2002
"1782","PCG",2002
"1783","PCG",2000
"1784","PCG",2003
"1785","PCG",2005
"1786","PCG",2005
"1787","PCG",2008
"1788","PCSAT",2002
"1789","PESTO",2004
"1790","PESTO",2001
"1791","PESTO",2003
"1792","PESTO",2005
"1794","PESTO",2000
"1795","PESTO",2001
"1796","PESTO",2003
"1797","PESTO",2005
"1798","PESTO",2006
"1799","PFE",2007
"1800","PFMI",2006
"1801","PFMI",2001
"1802","PFMI",2004
"1803","PFMI",2005
"1804","PFMI",2006
"1805","PFMI",2008
"1806","PFMI",2012
"1807","PFMI",2004
"1808","PFMI",2005
"1809","PGBA",2004
"1810","Pharma",2015
"1811","Pille",2006
"1812","Pille",2006
"1813","PILOT",2016
"1814","Pioneering",2011
"1815","Pioneering",2008
"1816","PK",2010
"1817","PK",2013
"1818","PK",2015
"1819","PK",2016
"1820","PK",2014
"1821","PK",2014
"1822","PK",2015
"1823","PK",2015
"1824","PK3",2009
"1825","PK3",2009
"1826","PK3",2014
"1827","PK3",2011
"1828","PK3",2012
"1829","PK3",2004
"1830","PK3",2005
"1831","PK3",2012
"1832","PK3",2015
"1833","PK3",2011
